Model,MAE,RMSE,MAPE,R2
Random Forest,4.906075174825176,34.157096699595755,0.08542619494842377,0.9998391356388449
XGBoost,10.653665542602539,40.662128466255304,0.2171766273673634,0.9997720122337341
LightGBM,21.332085516717857,44.932232860385376,0.5093581609930578,0.9997216354401436
